device_id,day_of_week,hour,drain_label
10270b8780270b80,0,0,High
10270b8780270b80,0,1,Normal
10270b8780270b80,0,2,Low
10270b8780270b80,0,3,Low
10270b8780270b80,0,4,Low
10270b8780270b80,0,5,Normal
10270b8780270b80,0,6,Normal
10270b8780270b80,0,7,High
10270b8780270b80,0,8,High
10270b8780270b80,0,9,High
10270b8780270b80,0,10,Normal
10270b8780270b80,0,11,High
10270b8780270b80,0,12,Low
10270b8780270b80,0,13,High
10270b8780270b80,0,14,Normal
10270b8780270b80,0,15,Low
10270b8780270b80,0,16,Low
10270b8780270b80,0,17,Low
10270b8780270b80,0,18,Low
10270b8780270b80,0,19,Normal
10270b8780270b80,0,20,Normal
10270b8780270b80,0,21,High
10270b8780270b80,0,22,Low
10270b8780270b80,0,23,Normal
10270b8780270b80,1,0,Low
10270b8780270b80,1,1,Low
10270b8780270b80,1,2,Low
10270b8780270b80,1,3,High
10270b8780270b80,1,4,Low
10270b8780270b80,1,5,Normal
10270b8780270b80,1,6,Low
10270b8780270b80,1,7,Normal
10270b8780270b80,1,8,High
10270b8780270b80,1,9,Normal
10270b8780270b80,1,10,High
10270b8780270b80,1,11,High
10270b8780270b80,1,12,Low
10270b8780270b80,1,13,Normal
10270b8780270b80,1,14,High
10270b8780270b80,1,15,Normal
10270b8780270b80,1,16,Normal
10270b8780270b80,1,17,High
10270b8780270b80,1,18,Low
10270b8780270b80,1,19,High
10270b8780270b80,1,20,Low
10270b8780270b80,1,21,Normal
10270b8780270b80,1,22,Normal
10270b8780270b80,1,23,Normal
10270b8780270b80,2,0,Normal
10270b8780270b80,2,1,Normal
10270b8780270b80,2,2,Normal
10270b8780270b80,2,3,Low
10270b8780270b80,2,4,Low
10270b8780270b80,2,5,Low
10270b8780270b80,2,6,Low
10270b8780270b80,2,7,Low
10270b8780270b80,2,8,High
10270b8780270b80,2,9,Low
10270b8780270b80,2,10,Low
10270b8780270b80,2,11,Low
10270b8780270b80,2,12,High
10270b8780270b80,2,13,Normal
10270b8780270b80,2,14,Low
10270b8780270b80,2,15,Normal
10270b8780270b80,2,16,Normal
10270b8780270b80,2,17,Low
10270b8780270b80,2,18,Normal
10270b8780270b80,2,19,Normal
10270b8780270b80,2,20,Low
10270b8780270b80,2,21,Low
10270b8780270b80,2,22,Low
10270b8780270b80,2,23,Normal
10270b8780270b80,3,0,High
10270b8780270b80,3,1,Low
10270b8780270b80,3,2,Low
10270b8780270b80,3,3,Normal
10270b8780270b80,3,4,High
10270b8780270b80,3,5,Low
10270b8780270b80,3,6,Normal
10270b8780270b80,3,7,Low
10270b8780270b80,3,8,Low
10270b8780270b80,3,9,High
10270b8780270b80,3,10,Low
10270b8780270b80,3,11,High
10270b8780270b80,3,12,Low
10270b8780270b80,3,13,Normal
10270b8780270b80,3,14,Low
10270b8780270b80,3,15,Normal
10270b8780270b80,3,16,High
10270b8780270b80,3,17,Normal
10270b8780270b80,3,18,Normal
10270b8780270b80,3,19,Normal
10270b8780270b80,3,20,Normal
10270b8780270b80,3,21,Normal
10270b8780270b80,3,22,Low
10270b8780270b80,3,23,Low
10270b8780270b80,4,0,High
10270b8780270b80,4,1,Low
10270b8780270b80,4,2,Normal
10270b8780270b80,4,3,Normal
10270b8780270b80,4,4,High
10270b8780270b80,4,5,Low
10270b8780270b80,4,6,High
10270b8780270b80,4,7,High
10270b8780270b80,4,8,Normal
10270b8780270b80,4,9,Normal
10270b8780270b80,4,10,Normal
10270b8780270b80,4,11,High
10270b8780270b80,4,12,Normal
10270b8780270b80,4,13,Normal
10270b8780270b80,4,14,Normal
10270b8780270b80,4,15,Low
10270b8780270b80,4,16,Low
10270b8780270b80,4,17,Normal
10270b8780270b80,4,18,Normal
10270b8780270b80,4,19,Low
10270b8780270b80,4,20,Low
10270b8780270b80,4,21,Normal
10270b8780270b80,4,22,Low
10270b8780270b80,4,23,Low
10270b8780270b80,5,0,High
10270b8780270b80,5,1,Low
10270b8780270b80,5,2,Low
10270b8780270b80,5,3,Low
10270b8780270b80,5,4,Normal
10270b8780270b80,5,5,Normal
10270b8780270b80,5,6,Normal
10270b8780270b80,5,7,Normal
10270b8780270b80,5,8,Normal
10270b8780270b80,5,9,Normal
10270b8780270b80,5,10,Normal
10270b8780270b80,5,11,Low
10270b8780270b80,5,12,Low
10270b8780270b80,5,13,Low
10270b8780270b80,5,14,High
10270b8780270b80,5,15,Low
10270b8780270b80,5,16,Low
10270b8780270b80,5,17,Low
10270b8780270b80,5,18,High
10270b8780270b80,5,19,Low
10270b8780270b80,5,20,High
10270b8780270b80,5,21,Low
10270b8780270b80,5,22,High
10270b8780270b80,5,23,High
10270b8780270b80,6,0,Normal
10270b8780270b80,6,1,Low
10270b8780270b80,6,2,Low
10270b8780270b80,6,3,High
10270b8780270b80,6,4,Normal
10270b8780270b80,6,5,Normal
10270b8780270b80,6,6,Normal
10270b8780270b80,6,7,Low
10270b8780270b80,6,8,High
10270b8780270b80,6,9,Low
10270b8780270b80,6,10,High
10270b8780270b80,6,11,Normal
10270b8780270b80,6,12,Low
10270b8780270b80,6,13,Low
10270b8780270b80,6,14,Normal
10270b8780270b80,6,15,High
10270b8780270b80,6,16,Normal
10270b8780270b80,6,17,Normal
10270b8780270b80,6,18,Normal
10270b8780270b80,6,19,High
10270b8780270b80,6,20,High
10270b8780270b80,6,21,High
10270b8780270b80,6,22,High
10270b8780270b80,6,23,High
59354710267a25e7,0,0,High
59354710267a25e7,0,1,High
59354710267a25e7,0,2,Normal
59354710267a25e7,0,3,Low
59354710267a25e7,0,4,High
59354710267a25e7,0,5,High
59354710267a25e7,0,6,High
59354710267a25e7,0,7,High
59354710267a25e7,0,8,Low
59354710267a25e7,0,9,Low
59354710267a25e7,0,10,High
59354710267a25e7,0,11,High
59354710267a25e7,0,12,High
59354710267a25e7,0,13,Low
59354710267a25e7,0,14,Normal
59354710267a25e7,0,15,Normal
59354710267a25e7,0,16,High
59354710267a25e7,0,17,Low
59354710267a25e7,0,18,High
59354710267a25e7,0,19,High
59354710267a25e7,0,20,Normal
59354710267a25e7,0,21,High
59354710267a25e7,0,22,High
59354710267a25e7,0,23,High
59354710267a25e7,1,0,Normal
59354710267a25e7,1,1,High
59354710267a25e7,1,2,Low
59354710267a25e7,1,3,Low
59354710267a25e7,1,4,Normal
59354710267a25e7,1,5,High
59354710267a25e7,1,6,Low
59354710267a25e7,1,7,High
59354710267a25e7,1,8,Low
59354710267a25e7,1,9,Normal
59354710267a25e7,1,10,Normal
59354710267a25e7,1,11,Low
59354710267a25e7,1,12,Low
59354710267a25e7,1,13,Normal
59354710267a25e7,1,14,High
59354710267a25e7,1,15,Normal
59354710267a25e7,1,16,High
59354710267a25e7,1,17,High
59354710267a25e7,1,18,High
59354710267a25e7,1,19,Normal
59354710267a25e7,1,20,High
59354710267a25e7,1,21,High
59354710267a25e7,1,22,Normal
59354710267a25e7,1,23,Low
59354710267a25e7,2,0,Normal
59354710267a25e7,2,1,High
59354710267a25e7,2,2,Low
59354710267a25e7,2,3,High
59354710267a25e7,2,4,High
59354710267a25e7,2,5,High
59354710267a25e7,2,6,Low
59354710267a25e7,2,7,Normal
59354710267a25e7,2,8,Normal
59354710267a25e7,2,9,Low
59354710267a25e7,2,10,Normal
59354710267a25e7,2,11,High
59354710267a25e7,2,12,Low
59354710267a25e7,2,13,Low
59354710267a25e7,2,14,Low
59354710267a25e7,2,15,Low
59354710267a25e7,2,16,Normal
59354710267a25e7,2,17,Normal
59354710267a25e7,2,18,Normal
59354710267a25e7,2,19,High
59354710267a25e7,2,20,Normal
59354710267a25e7,2,21,High
59354710267a25e7,2,22,Normal
59354710267a25e7,2,23,Normal
59354710267a25e7,3,0,High
59354710267a25e7,3,1,Normal
59354710267a25e7,3,2,High
59354710267a25e7,3,3,Normal
59354710267a25e7,3,4,Normal
59354710267a25e7,3,5,Low
59354710267a25e7,3,6,High
59354710267a25e7,3,7,High
59354710267a25e7,3,8,Normal
59354710267a25e7,3,9,High
59354710267a25e7,3,10,Low
59354710267a25e7,3,11,Low
59354710267a25e7,3,12,High
59354710267a25e7,3,13,High
59354710267a25e7,3,14,Low
59354710267a25e7,3,15,High
59354710267a25e7,3,16,High
59354710267a25e7,3,17,High
59354710267a25e7,3,18,Normal
59354710267a25e7,3,19,Low
59354710267a25e7,3,20,High
59354710267a25e7,3,21,Normal
59354710267a25e7,3,22,High
59354710267a25e7,3,23,High
59354710267a25e7,4,0,Low
59354710267a25e7,4,1,Normal
59354710267a25e7,4,2,High
59354710267a25e7,4,3,Low
59354710267a25e7,4,4,Low
59354710267a25e7,4,5,Normal
59354710267a25e7,4,6,Normal
59354710267a25e7,4,7,Normal
59354710267a25e7,4,8,Normal
59354710267a25e7,4,9,High
59354710267a25e7,4,10,Normal
59354710267a25e7,4,11,High
59354710267a25e7,4,12,High
59354710267a25e7,4,13,High
59354710267a25e7,4,14,High
59354710267a25e7,4,15,High
59354710267a25e7,4,16,Normal
59354710267a25e7,4,17,High
59354710267a25e7,4,18,High
59354710267a25e7,4,19,Low
59354710267a25e7,4,20,High
59354710267a25e7,4,21,High
59354710267a25e7,4,22,Normal
59354710267a25e7,4,23,Low
59354710267a25e7,5,0,High
59354710267a25e7,5,1,Low
59354710267a25e7,5,2,Low
59354710267a25e7,5,3,Low
59354710267a25e7,5,4,Normal
59354710267a25e7,5,5,Low
59354710267a25e7,5,6,Low
59354710267a25e7,5,7,Normal
59354710267a25e7,5,8,Low
59354710267a25e7,5,9,Normal
59354710267a25e7,5,10,Normal
59354710267a25e7,5,11,Low
59354710267a25e7,5,12,Low
59354710267a25e7,5,13,High
59354710267a25e7,5,14,Low
59354710267a25e7,5,15,High
59354710267a25e7,5,16,Normal
59354710267a25e7,5,17,Normal
59354710267a25e7,5,18,Low
59354710267a25e7,5,19,High
59354710267a25e7,5,20,High
59354710267a25e7,5,21,High
59354710267a25e7,5,22,Low
59354710267a25e7,5,23,Low
59354710267a25e7,6,0,High
59354710267a25e7,6,1,High
59354710267a25e7,6,2,High
59354710267a25e7,6,3,High
59354710267a25e7,6,4,High
59354710267a25e7,6,5,Normal
59354710267a25e7,6,6,Normal
59354710267a25e7,6,7,Low
59354710267a25e7,6,8,Normal
59354710267a25e7,6,9,High
59354710267a25e7,6,10,Normal
59354710267a25e7,6,11,High
59354710267a25e7,6,12,Low
59354710267a25e7,6,13,High
59354710267a25e7,6,14,Normal
59354710267a25e7,6,15,Normal
59354710267a25e7,6,16,Low
59354710267a25e7,6,17,High
59354710267a25e7,6,18,High
59354710267a25e7,6,19,High
59354710267a25e7,6,20,Low
59354710267a25e7,6,21,Low
59354710267a25e7,6,22,Low
59354710267a25e7,6,23,High
5d5d4cad78561c3c,0,0,Low
5d5d4cad78561c3c,0,1,Low
5d5d4cad78561c3c,0,2,High
5d5d4cad78561c3c,0,3,Low
5d5d4cad78561c3c,0,4,High
5d5d4cad78561c3c,0,5,High
5d5d4cad78561c3c,0,6,Normal
5d5d4cad78561c3c,0,7,Low
5d5d4cad78561c3c,0,8,Low
5d5d4cad78561c3c,0,9,High
5d5d4cad78561c3c,0,10,Normal
5d5d4cad78561c3c,0,11,Low
5d5d4cad78561c3c,0,12,Low
5d5d4cad78561c3c,0,13,High
5d5d4cad78561c3c,0,14,Low
5d5d4cad78561c3c,0,15,High
5d5d4cad78561c3c,0,16,Low
5d5d4cad78561c3c,0,17,High
5d5d4cad78561c3c,0,18,High
5d5d4cad78561c3c,0,19,High
5d5d4cad78561c3c,0,20,High
5d5d4cad78561c3c,0,21,Low
5d5d4cad78561c3c,0,22,High
5d5d4cad78561c3c,0,23,High
5d5d4cad78561c3c,1,0,Normal
5d5d4cad78561c3c,1,1,Low
5d5d4cad78561c3c,1,2,High
5d5d4cad78561c3c,1,3,Low
5d5d4cad78561c3c,1,4,Low
5d5d4cad78561c3c,1,5,High
5d5d4cad78561c3c,1,6,Normal
5d5d4cad78561c3c,1,7,High
5d5d4cad78561c3c,1,8,High
5d5d4cad78561c3c,1,9,High
5d5d4cad78561c3c,1,10,Normal
5d5d4cad78561c3c,1,11,Normal
5d5d4cad78561c3c,1,12,High
5d5d4cad78561c3c,1,13,Normal
5d5d4cad78561c3c,1,14,Low
5d5d4cad78561c3c,1,15,Normal
5d5d4cad78561c3c,1,16,Low
5d5d4cad78561c3c,1,17,Low
5d5d4cad78561c3c,1,18,Low
5d5d4cad78561c3c,1,19,High
5d5d4cad78561c3c,1,20,High
5d5d4cad78561c3c,1,21,Normal
5d5d4cad78561c3c,1,22,High
5d5d4cad78561c3c,1,23,High
5d5d4cad78561c3c,2,0,Normal
5d5d4cad78561c3c,2,1,Normal
5d5d4cad78561c3c,2,2,Normal
5d5d4cad78561c3c,2,3,Low
5d5d4cad78561c3c,2,4,High
5d5d4cad78561c3c,2,5,High
5d5d4cad78561c3c,2,6,Low
5d5d4cad78561c3c,2,7,Low
5d5d4cad78561c3c,2,8,Low
5d5d4cad78561c3c,2,9,Normal
5d5d4cad78561c3c,2,10,High
5d5d4cad78561c3c,2,11,High
5d5d4cad78561c3c,2,12,High
5d5d4cad78561c3c,2,13,Low
5d5d4cad78561c3c,2,14,High
5d5d4cad78561c3c,2,15,Low
5d5d4cad78561c3c,2,16,Normal
5d5d4cad78561c3c,2,17,Low
5d5d4cad78561c3c,2,18,Low
5d5d4cad78561c3c,2,19,Normal
5d5d4cad78561c3c,2,20,Normal
5d5d4cad78561c3c,2,21,High
5d5d4cad78561c3c,2,22,High
5d5d4cad78561c3c,2,23,Low
5d5d4cad78561c3c,3,0,Low
5d5d4cad78561c3c,3,1,High
5d5d4cad78561c3c,3,2,High
5d5d4cad78561c3c,3,3,Normal
5d5d4cad78561c3c,3,4,Low
5d5d4cad78561c3c,3,5,Normal
5d5d4cad78561c3c,3,6,High
5d5d4cad78561c3c,3,7,Low
5d5d4cad78561c3c,3,8,Low
5d5d4cad78561c3c,3,9,Low
5d5d4cad78561c3c,3,10,Normal
5d5d4cad78561c3c,3,11,High
5d5d4cad78561c3c,3,12,Low
5d5d4cad78561c3c,3,13,Normal
5d5d4cad78561c3c,3,14,Normal
5d5d4cad78561c3c,3,15,High
5d5d4cad78561c3c,3,16,Normal
5d5d4cad78561c3c,3,17,Normal
5d5d4cad78561c3c,3,18,Normal
5d5d4cad78561c3c,3,19,High
5d5d4cad78561c3c,3,20,Low
5d5d4cad78561c3c,3,21,Low
5d5d4cad78561c3c,3,22,High
5d5d4cad78561c3c,3,23,Normal
5d5d4cad78561c3c,4,0,High
5d5d4cad78561c3c,4,1,Normal
5d5d4cad78561c3c,4,2,Normal
5d5d4cad78561c3c,4,3,High
5d5d4cad78561c3c,4,4,Low
5d5d4cad78561c3c,4,5,Normal
5d5d4cad78561c3c,4,6,Low
5d5d4cad78561c3c,4,7,Low
5d5d4cad78561c3c,4,8,High
5d5d4cad78561c3c,4,9,High
5d5d4cad78561c3c,4,10,Normal
5d5d4cad78561c3c,4,11,Normal
5d5d4cad78561c3c,4,12,Low
5d5d4cad78561c3c,4,13,Normal
5d5d4cad78561c3c,4,14,Normal
5d5d4cad78561c3c,4,15,High
5d5d4cad78561c3c,4,16,Low
5d5d4cad78561c3c,4,17,High
5d5d4cad78561c3c,4,18,Normal
5d5d4cad78561c3c,4,19,Low
5d5d4cad78561c3c,4,20,High
5d5d4cad78561c3c,4,21,Normal
5d5d4cad78561c3c,4,22,Normal
5d5d4cad78561c3c,4,23,Normal
5d5d4cad78561c3c,5,0,High
5d5d4cad78561c3c,5,1,High
5d5d4cad78561c3c,5,2,Normal
5d5d4cad78561c3c,5,3,High
5d5d4cad78561c3c,5,4,High
5d5d4cad78561c3c,5,5,Normal
5d5d4cad78561c3c,5,6,Low
5d5d4cad78561c3c,5,7,Normal
5d5d4cad78561c3c,5,8,High
5d5d4cad78561c3c,5,9,High
5d5d4cad78561c3c,5,10,High
5d5d4cad78561c3c,5,11,Low
5d5d4cad78561c3c,5,12,Normal
5d5d4cad78561c3c,5,13,Normal
5d5d4cad78561c3c,5,14,High
5d5d4cad78561c3c,5,15,Normal
5d5d4cad78561c3c,5,16,High
5d5d4cad78561c3c,5,17,High
5d5d4cad78561c3c,5,18,Low
5d5d4cad78561c3c,5,19,Normal
5d5d4cad78561c3c,5,20,Normal
5d5d4cad78561c3c,5,21,High
5d5d4cad78561c3c,5,22,Normal
5d5d4cad78561c3c,5,23,High
5d5d4cad78561c3c,6,0,High
5d5d4cad78561c3c,6,1,High
5d5d4cad78561c3c,6,2,Low
5d5d4cad78561c3c,6,3,High
5d5d4cad78561c3c,6,4,Low
5d5d4cad78561c3c,6,5,Low
5d5d4cad78561c3c,6,6,Low
5d5d4cad78561c3c,6,7,High
5d5d4cad78561c3c,6,8,Normal
5d5d4cad78561c3c,6,9,Low
5d5d4cad78561c3c,6,10,Low
5d5d4cad78561c3c,6,11,Low
5d5d4cad78561c3c,6,12,Normal
5d5d4cad78561c3c,6,13,High
5d5d4cad78561c3c,6,14,High
5d5d4cad78561c3c,6,15,High
5d5d4cad78561c3c,6,16,Normal
5d5d4cad78561c3c,6,17,Low
5d5d4cad78561c3c,6,18,High
5d5d4cad78561c3c,6,19,High
5d5d4cad78561c3c,6,20,High
5d5d4cad78561c3c,6,21,High
5d5d4cad78561c3c,6,22,Low
5d5d4cad78561c3c,6,23,Normal
672d87e6755537a0,0,0,High
672d87e6755537a0,0,1,Normal
672d87e6755537a0,0,2,Low
672d87e6755537a0,0,3,Low
672d87e6755537a0,0,4,Normal
672d87e6755537a0,0,5,High
672d87e6755537a0,0,6,Low
672d87e6755537a0,0,7,Low
672d87e6755537a0,0,8,Normal
672d87e6755537a0,0,9,Normal
672d87e6755537a0,0,10,High
672d87e6755537a0,0,11,Low
672d87e6755537a0,0,12,Normal
672d87e6755537a0,0,13,Normal
672d87e6755537a0,0,14,Low
672d87e6755537a0,0,15,Normal
672d87e6755537a0,0,16,High
672d87e6755537a0,0,17,High
672d87e6755537a0,0,18,High
672d87e6755537a0,0,19,Low
672d87e6755537a0,0,20,High
672d87e6755537a0,0,21,Normal
672d87e6755537a0,0,22,Normal
672d87e6755537a0,0,23,High
672d87e6755537a0,1,0,High
672d87e6755537a0,1,1,High
672d87e6755537a0,1,2,Normal
672d87e6755537a0,1,3,Low
672d87e6755537a0,1,4,High
672d87e6755537a0,1,5,High
672d87e6755537a0,1,6,Low
672d87e6755537a0,1,7,Normal
672d87e6755537a0,1,8,Normal
672d87e6755537a0,1,9,Normal
672d87e6755537a0,1,10,Normal
672d87e6755537a0,1,11,Normal
672d87e6755537a0,1,12,Normal
672d87e6755537a0,1,13,Low
672d87e6755537a0,1,14,High
672d87e6755537a0,1,15,High
672d87e6755537a0,1,16,Normal
672d87e6755537a0,1,17,Low
672d87e6755537a0,1,18,Low
672d87e6755537a0,1,19,High
672d87e6755537a0,1,20,Normal
672d87e6755537a0,1,21,High
672d87e6755537a0,1,22,Normal
672d87e6755537a0,1,23,Normal
672d87e6755537a0,2,0,High
672d87e6755537a0,2,1,Low
672d87e6755537a0,2,2,High
672d87e6755537a0,2,3,Low
672d87e6755537a0,2,4,Normal
672d87e6755537a0,2,5,Low
672d87e6755537a0,2,6,High
672d87e6755537a0,2,7,Low
672d87e6755537a0,2,8,High
672d87e6755537a0,2,9,Low
672d87e6755537a0,2,10,High
672d87e6755537a0,2,11,Normal
672d87e6755537a0,2,12,High
672d87e6755537a0,2,13,High
672d87e6755537a0,2,14,Normal
672d87e6755537a0,2,15,Low
672d87e6755537a0,2,16,Low
672d87e6755537a0,2,17,Low
672d87e6755537a0,2,18,Normal
672d87e6755537a0,2,19,Low
672d87e6755537a0,2,20,Low
672d87e6755537a0,2,21,Low
672d87e6755537a0,2,22,High
672d87e6755537a0,2,23,Normal
672d87e6755537a0,3,0,Low
672d87e6755537a0,3,1,Low
672d87e6755537a0,3,2,High
672d87e6755537a0,3,3,Low
672d87e6755537a0,3,4,Normal
672d87e6755537a0,3,5,High
672d87e6755537a0,3,6,Low
672d87e6755537a0,3,7,Normal
672d87e6755537a0,3,8,Low
672d87e6755537a0,3,9,High
672d87e6755537a0,3,10,Normal
672d87e6755537a0,3,11,Normal
672d87e6755537a0,3,12,High
672d87e6755537a0,3,13,High
672d87e6755537a0,3,14,High
672d87e6755537a0,3,15,Low
672d87e6755537a0,3,16,Normal
672d87e6755537a0,3,17,Normal
672d87e6755537a0,3,18,High
672d87e6755537a0,3,19,Normal
672d87e6755537a0,3,20,High
672d87e6755537a0,3,21,Low
672d87e6755537a0,3,22,Low
672d87e6755537a0,3,23,Low
672d87e6755537a0,4,0,Normal
672d87e6755537a0,4,1,High
672d87e6755537a0,4,2,Normal
672d87e6755537a0,4,3,Low
672d87e6755537a0,4,4,Low
672d87e6755537a0,4,5,Normal
672d87e6755537a0,4,6,High
672d87e6755537a0,4,7,High
672d87e6755537a0,4,8,Low
672d87e6755537a0,4,9,Low
672d87e6755537a0,4,10,High
672d87e6755537a0,4,11,High
672d87e6755537a0,4,12,Low
672d87e6755537a0,4,13,Normal
672d87e6755537a0,4,14,Low
672d87e6755537a0,4,15,Normal
672d87e6755537a0,4,16,High
672d87e6755537a0,4,17,High
672d87e6755537a0,4,18,Normal
672d87e6755537a0,4,19,Low
672d87e6755537a0,4,20,Low
672d87e6755537a0,4,21,High
672d87e6755537a0,4,22,High
672d87e6755537a0,4,23,Low
672d87e6755537a0,5,0,High
672d87e6755537a0,5,1,Low
672d87e6755537a0,5,2,Low
672d87e6755537a0,5,3,Normal
672d87e6755537a0,5,4,High
672d87e6755537a0,5,5,High
672d87e6755537a0,5,6,High
672d87e6755537a0,5,7,Low
672d87e6755537a0,5,8,Low
672d87e6755537a0,5,9,Normal
672d87e6755537a0,5,10,High
672d87e6755537a0,5,11,High
672d87e6755537a0,5,12,High
672d87e6755537a0,5,13,Low
672d87e6755537a0,5,14,Low
672d87e6755537a0,5,15,Normal
672d87e6755537a0,5,16,Normal
672d87e6755537a0,5,17,Low
672d87e6755537a0,5,18,Normal
672d87e6755537a0,5,19,High
672d87e6755537a0,5,20,Low
672d87e6755537a0,5,21,High
672d87e6755537a0,5,22,Normal
672d87e6755537a0,5,23,Low
672d87e6755537a0,6,0,High
672d87e6755537a0,6,1,Normal
672d87e6755537a0,6,2,High
672d87e6755537a0,6,3,Low
672d87e6755537a0,6,4,High
672d87e6755537a0,6,5,Low
672d87e6755537a0,6,6,Low
672d87e6755537a0,6,7,Low
672d87e6755537a0,6,8,Low
672d87e6755537a0,6,9,High
672d87e6755537a0,6,10,Normal
672d87e6755537a0,6,11,High
672d87e6755537a0,6,12,Low
672d87e6755537a0,6,13,High
672d87e6755537a0,6,14,Normal
672d87e6755537a0,6,15,Low
672d87e6755537a0,6,16,Low
672d87e6755537a0,6,17,Low
672d87e6755537a0,6,18,Low
672d87e6755537a0,6,19,Low
672d87e6755537a0,6,20,High
672d87e6755537a0,6,21,High
672d87e6755537a0,6,22,Low
672d87e6755537a0,6,23,Low
70a09b5174d07fff,0,0,Normal
70a09b5174d07fff,0,1,High
70a09b5174d07fff,0,2,Low
70a09b5174d07fff,0,3,High
70a09b5174d07fff,0,4,High
70a09b5174d07fff,0,5,Normal
70a09b5174d07fff,0,6,Normal
70a09b5174d07fff,0,7,Low
70a09b5174d07fff,0,8,High
70a09b5174d07fff,0,9,High
70a09b5174d07fff,0,10,Normal
70a09b5174d07fff,0,11,Low
70a09b5174d07fff,0,12,Normal
70a09b5174d07fff,0,13,High
70a09b5174d07fff,0,14,Low
70a09b5174d07fff,0,15,Low
70a09b5174d07fff,0,16,Low
70a09b5174d07fff,0,17,High
70a09b5174d07fff,0,18,Normal
70a09b5174d07fff,0,19,High
70a09b5174d07fff,0,20,Low
70a09b5174d07fff,0,21,High
70a09b5174d07fff,0,22,Low
70a09b5174d07fff,0,23,High
70a09b5174d07fff,1,0,High
70a09b5174d07fff,1,1,Low
70a09b5174d07fff,1,2,High
70a09b5174d07fff,1,3,High
70a09b5174d07fff,1,4,High
70a09b5174d07fff,1,5,Normal
70a09b5174d07fff,1,6,Normal
70a09b5174d07fff,1,7,High
70a09b5174d07fff,1,8,Low
70a09b5174d07fff,1,9,Normal
70a09b5174d07fff,1,10,Normal
70a09b5174d07fff,1,11,High
70a09b5174d07fff,1,12,Normal
70a09b5174d07fff,1,13,Normal
70a09b5174d07fff,1,14,High
70a09b5174d07fff,1,15,High
70a09b5174d07fff,1,16,Low
70a09b5174d07fff,1,17,Normal
70a09b5174d07fff,1,18,Normal
70a09b5174d07fff,1,19,High
70a09b5174d07fff,1,20,Normal
70a09b5174d07fff,1,21,High
70a09b5174d07fff,1,22,Low
70a09b5174d07fff,1,23,Low
70a09b5174d07fff,2,0,Low
70a09b5174d07fff,2,1,Normal
70a09b5174d07fff,2,2,Normal
70a09b5174d07fff,2,3,High
70a09b5174d07fff,2,4,High
70a09b5174d07fff,2,5,Normal
70a09b5174d07fff,2,6,Low
70a09b5174d07fff,2,7,Low
70a09b5174d07fff,2,8,High
70a09b5174d07fff,2,9,High
70a09b5174d07fff,2,10,High
70a09b5174d07fff,2,11,High
70a09b5174d07fff,2,12,Low
70a09b5174d07fff,2,13,Low
70a09b5174d07fff,2,14,High
70a09b5174d07fff,2,15,High
70a09b5174d07fff,2,16,Normal
70a09b5174d07fff,2,17,Low
70a09b5174d07fff,2,18,Low
70a09b5174d07fff,2,19,Normal
70a09b5174d07fff,2,20,High
70a09b5174d07fff,2,21,Normal
70a09b5174d07fff,2,22,Low
70a09b5174d07fff,2,23,Normal
70a09b5174d07fff,3,0,Normal
70a09b5174d07fff,3,1,High
70a09b5174d07fff,3,2,Low
70a09b5174d07fff,3,3,High
70a09b5174d07fff,3,4,High
70a09b5174d07fff,3,5,Low
70a09b5174d07fff,3,6,High
70a09b5174d07fff,3,7,Low
70a09b5174d07fff,3,8,Normal
70a09b5174d07fff,3,9,High
70a09b5174d07fff,3,10,High
70a09b5174d07fff,3,11,High
70a09b5174d07fff,3,12,High
70a09b5174d07fff,3,13,Normal
70a09b5174d07fff,3,14,Normal
70a09b5174d07fff,3,15,Low
70a09b5174d07fff,3,16,Low
70a09b5174d07fff,3,17,High
70a09b5174d07fff,3,18,High
70a09b5174d07fff,3,19,High
70a09b5174d07fff,3,20,Normal
70a09b5174d07fff,3,21,Low
70a09b5174d07fff,3,22,Low
70a09b5174d07fff,3,23,Normal
70a09b5174d07fff,4,0,Low
70a09b5174d07fff,4,1,High
70a09b5174d07fff,4,2,Low
70a09b5174d07fff,4,3,Normal
70a09b5174d07fff,4,4,Normal
70a09b5174d07fff,4,5,Low
70a09b5174d07fff,4,6,High
70a09b5174d07fff,4,7,Low
70a09b5174d07fff,4,8,High
70a09b5174d07fff,4,9,High
70a09b5174d07fff,4,10,High
70a09b5174d07fff,4,11,Normal
70a09b5174d07fff,4,12,Normal
70a09b5174d07fff,4,13,Low
70a09b5174d07fff,4,14,High
70a09b5174d07fff,4,15,Normal
70a09b5174d07fff,4,16,High
70a09b5174d07fff,4,17,Low
70a09b5174d07fff,4,18,Normal
70a09b5174d07fff,4,19,High
70a09b5174d07fff,4,20,Low
70a09b5174d07fff,4,21,Low
70a09b5174d07fff,4,22,Normal
70a09b5174d07fff,4,23,Low
70a09b5174d07fff,5,0,Normal
70a09b5174d07fff,5,1,Low
70a09b5174d07fff,5,2,High
70a09b5174d07fff,5,3,Low
70a09b5174d07fff,5,4,Low
70a09b5174d07fff,5,5,High
70a09b5174d07fff,5,6,Low
70a09b5174d07fff,5,7,Normal
70a09b5174d07fff,5,8,Low
70a09b5174d07fff,5,9,Normal
70a09b5174d07fff,5,10,Low
70a09b5174d07fff,5,11,Low
70a09b5174d07fff,5,12,Low
70a09b5174d07fff,5,13,Low
70a09b5174d07fff,5,14,Low
70a09b5174d07fff,5,15,Low
70a09b5174d07fff,5,16,Normal
70a09b5174d07fff,5,17,High
70a09b5174d07fff,5,18,Normal
70a09b5174d07fff,5,19,Normal
70a09b5174d07fff,5,20,Low
70a09b5174d07fff,5,21,Normal
70a09b5174d07fff,5,22,Low
70a09b5174d07fff,5,23,Low
70a09b5174d07fff,6,0,Normal
70a09b5174d07fff,6,1,Low
70a09b5174d07fff,6,2,Low
70a09b5174d07fff,6,3,Normal
70a09b5174d07fff,6,4,High
70a09b5174d07fff,6,5,Normal
70a09b5174d07fff,6,6,Low
70a09b5174d07fff,6,7,Normal
70a09b5174d07fff,6,8,Low
70a09b5174d07fff,6,9,Normal
70a09b5174d07fff,6,10,High
70a09b5174d07fff,6,11,High
70a09b5174d07fff,6,12,Normal
70a09b5174d07fff,6,13,Normal
70a09b5174d07fff,6,14,Low
70a09b5174d07fff,6,15,Low
70a09b5174d07fff,6,16,Low
70a09b5174d07fff,6,17,High
70a09b5174d07fff,6,18,High
70a09b5174d07fff,6,19,Normal
70a09b5174d07fff,6,20,Low
70a09b5174d07fff,6,21,High
70a09b5174d07fff,6,22,Low
70a09b5174d07fff,6,23,Normal
72deadc7f8553ef1,0,0,High
72deadc7f8553ef1,0,1,Normal
72deadc7f8553ef1,0,2,Normal
72deadc7f8553ef1,0,3,Normal
72deadc7f8553ef1,0,4,High
72deadc7f8553ef1,0,5,Normal
72deadc7f8553ef1,0,6,Normal
72deadc7f8553ef1,0,7,Normal
72deadc7f8553ef1,0,8,High
72deadc7f8553ef1,0,9,Low
72deadc7f8553ef1,0,10,High
72deadc7f8553ef1,0,11,High
72deadc7f8553ef1,0,12,Normal
72deadc7f8553ef1,0,13,High
72deadc7f8553ef1,0,14,Normal
72deadc7f8553ef1,0,15,Normal
72deadc7f8553ef1,0,16,Low
72deadc7f8553ef1,0,17,High
72deadc7f8553ef1,0,18,High
72deadc7f8553ef1,0,19,Normal
72deadc7f8553ef1,0,20,Low
72deadc7f8553ef1,0,21,High
72deadc7f8553ef1,0,22,Low
72deadc7f8553ef1,0,23,High
72deadc7f8553ef1,1,0,Normal
72deadc7f8553ef1,1,1,High
72deadc7f8553ef1,1,2,High
72deadc7f8553ef1,1,3,High
72deadc7f8553ef1,1,4,Low
72deadc7f8553ef1,1,5,Normal
72deadc7f8553ef1,1,6,Normal
72deadc7f8553ef1,1,7,High
72deadc7f8553ef1,1,8,Low
72deadc7f8553ef1,1,9,Low
72deadc7f8553ef1,1,10,Normal
72deadc7f8553ef1,1,11,High
72deadc7f8553ef1,1,12,Normal
72deadc7f8553ef1,1,13,Normal
72deadc7f8553ef1,1,14,Low
72deadc7f8553ef1,1,15,High
72deadc7f8553ef1,1,16,Low
72deadc7f8553ef1,1,17,Low
72deadc7f8553ef1,1,18,Low
72deadc7f8553ef1,1,19,Normal
72deadc7f8553ef1,1,20,Normal
72deadc7f8553ef1,1,21,Normal
72deadc7f8553ef1,1,22,Low
72deadc7f8553ef1,1,23,High
72deadc7f8553ef1,2,0,High
72deadc7f8553ef1,2,1,Low
72deadc7f8553ef1,2,2,High
72deadc7f8553ef1,2,3,Low
72deadc7f8553ef1,2,4,Normal
72deadc7f8553ef1,2,5,Low
72deadc7f8553ef1,2,6,High
72deadc7f8553ef1,2,7,High
72deadc7f8553ef1,2,8,Normal
72deadc7f8553ef1,2,9,Normal
72deadc7f8553ef1,2,10,Low
72deadc7f8553ef1,2,11,Low
72deadc7f8553ef1,2,12,Normal
72deadc7f8553ef1,2,13,High
72deadc7f8553ef1,2,14,Normal
72deadc7f8553ef1,2,15,Low
72deadc7f8553ef1,2,16,Normal
72deadc7f8553ef1,2,17,Normal
72deadc7f8553ef1,2,18,High
72deadc7f8553ef1,2,19,Normal
72deadc7f8553ef1,2,20,Normal
72deadc7f8553ef1,2,21,Low
72deadc7f8553ef1,2,22,High
72deadc7f8553ef1,2,23,Normal
72deadc7f8553ef1,3,0,Normal
72deadc7f8553ef1,3,1,High
72deadc7f8553ef1,3,2,High
72deadc7f8553ef1,3,3,Low
72deadc7f8553ef1,3,4,Low
72deadc7f8553ef1,3,5,Low
72deadc7f8553ef1,3,6,Normal
72deadc7f8553ef1,3,7,Low
72deadc7f8553ef1,3,8,Low
72deadc7f8553ef1,3,9,High
72deadc7f8553ef1,3,10,Normal
72deadc7f8553ef1,3,11,Normal
72deadc7f8553ef1,3,12,Low
72deadc7f8553ef1,3,13,High
72deadc7f8553ef1,3,14,High
72deadc7f8553ef1,3,15,Normal
72deadc7f8553ef1,3,16,High
72deadc7f8553ef1,3,17,Normal
72deadc7f8553ef1,3,18,Normal
72deadc7f8553ef1,3,19,High
72deadc7f8553ef1,3,20,Low
72deadc7f8553ef1,3,21,Normal
72deadc7f8553ef1,3,22,Low
72deadc7f8553ef1,3,23,High
72deadc7f8553ef1,4,0,High
72deadc7f8553ef1,4,1,Normal
72deadc7f8553ef1,4,2,Normal
72deadc7f8553ef1,4,3,Low
72deadc7f8553ef1,4,4,Low
72deadc7f8553ef1,4,5,High
72deadc7f8553ef1,4,6,Normal
72deadc7f8553ef1,4,7,High
72deadc7f8553ef1,4,8,Low
72deadc7f8553ef1,4,9,Normal
72deadc7f8553ef1,4,10,High
72deadc7f8553ef1,4,11,Low
72deadc7f8553ef1,4,12,High
72deadc7f8553ef1,4,13,Normal
72deadc7f8553ef1,4,14,Low
72deadc7f8553ef1,4,15,Normal
72deadc7f8553ef1,4,16,Normal
72deadc7f8553ef1,4,17,High
72deadc7f8553ef1,4,18,High
72deadc7f8553ef1,4,19,Normal
72deadc7f8553ef1,4,20,Normal
72deadc7f8553ef1,4,21,High
72deadc7f8553ef1,4,22,Normal
72deadc7f8553ef1,4,23,Normal
72deadc7f8553ef1,5,0,Normal
72deadc7f8553ef1,5,1,Low
72deadc7f8553ef1,5,2,High
72deadc7f8553ef1,5,3,High
72deadc7f8553ef1,5,4,Low
72deadc7f8553ef1,5,5,Normal
72deadc7f8553ef1,5,6,High
72deadc7f8553ef1,5,7,Low
72deadc7f8553ef1,5,8,High
72deadc7f8553ef1,5,9,Normal
72deadc7f8553ef1,5,10,Low
72deadc7f8553ef1,5,11,Normal
72deadc7f8553ef1,5,12,Low
72deadc7f8553ef1,5,13,Low
72deadc7f8553ef1,5,14,High
72deadc7f8553ef1,5,15,Low
72deadc7f8553ef1,5,16,Low
72deadc7f8553ef1,5,17,Normal
72deadc7f8553ef1,5,18,High
72deadc7f8553ef1,5,19,Low
72deadc7f8553ef1,5,20,Normal
72deadc7f8553ef1,5,21,Normal
72deadc7f8553ef1,5,22,Low
72deadc7f8553ef1,5,23,Normal
72deadc7f8553ef1,6,0,Normal
72deadc7f8553ef1,6,1,Normal
72deadc7f8553ef1,6,2,High
72deadc7f8553ef1,6,3,High
72deadc7f8553ef1,6,4,Low
72deadc7f8553ef1,6,5,Low
72deadc7f8553ef1,6,6,Low
72deadc7f8553ef1,6,7,Low
72deadc7f8553ef1,6,8,Normal
72deadc7f8553ef1,6,9,High
72deadc7f8553ef1,6,10,High
72deadc7f8553ef1,6,11,Low
72deadc7f8553ef1,6,12,Normal
72deadc7f8553ef1,6,13,Normal
72deadc7f8553ef1,6,14,High
72deadc7f8553ef1,6,15,High
72deadc7f8553ef1,6,16,High
72deadc7f8553ef1,6,17,Low
72deadc7f8553ef1,6,18,Normal
72deadc7f8553ef1,6,19,High
72deadc7f8553ef1,6,20,Low
72deadc7f8553ef1,6,21,Low
72deadc7f8553ef1,6,22,Low
72deadc7f8553ef1,6,23,Low
8f4ce1d51d83c5e3,0,0,Low
8f4ce1d51d83c5e3,0,1,High
8f4ce1d51d83c5e3,0,2,Normal
8f4ce1d51d83c5e3,0,3,High
8f4ce1d51d83c5e3,0,4,High
8f4ce1d51d83c5e3,0,5,Normal
8f4ce1d51d83c5e3,0,6,Normal
8f4ce1d51d83c5e3,0,7,Low
8f4ce1d51d83c5e3,0,8,Normal
8f4ce1d51d83c5e3,0,9,High
8f4ce1d51d83c5e3,0,10,Low
8f4ce1d51d83c5e3,0,11,Low
8f4ce1d51d83c5e3,0,12,Low
8f4ce1d51d83c5e3,0,13,Normal
8f4ce1d51d83c5e3,0,14,Normal
8f4ce1d51d83c5e3,0,15,Normal
8f4ce1d51d83c5e3,0,16,High
8f4ce1d51d83c5e3,0,17,Low
8f4ce1d51d83c5e3,0,18,Normal
8f4ce1d51d83c5e3,0,19,High
8f4ce1d51d83c5e3,0,20,Low
8f4ce1d51d83c5e3,0,21,Low
8f4ce1d51d83c5e3,0,22,High
8f4ce1d51d83c5e3,0,23,Normal
8f4ce1d51d83c5e3,1,0,Low
8f4ce1d51d83c5e3,1,1,Low
8f4ce1d51d83c5e3,1,2,High
8f4ce1d51d83c5e3,1,3,Normal
8f4ce1d51d83c5e3,1,4,Normal
8f4ce1d51d83c5e3,1,5,Low
8f4ce1d51d83c5e3,1,6,Low
8f4ce1d51d83c5e3,1,7,Low
8f4ce1d51d83c5e3,1,8,Low
8f4ce1d51d83c5e3,1,9,Low
8f4ce1d51d83c5e3,1,10,High
8f4ce1d51d83c5e3,1,11,Normal
8f4ce1d51d83c5e3,1,12,High
8f4ce1d51d83c5e3,1,13,High
8f4ce1d51d83c5e3,1,14,Normal
8f4ce1d51d83c5e3,1,15,Normal
8f4ce1d51d83c5e3,1,16,Low
8f4ce1d51d83c5e3,1,17,Low
8f4ce1d51d83c5e3,1,18,Normal
8f4ce1d51d83c5e3,1,19,Normal
8f4ce1d51d83c5e3,1,20,Normal
8f4ce1d51d83c5e3,1,21,High
8f4ce1d51d83c5e3,1,22,High
8f4ce1d51d83c5e3,1,23,Low
8f4ce1d51d83c5e3,2,0,High
8f4ce1d51d83c5e3,2,1,High
8f4ce1d51d83c5e3,2,2,Normal
8f4ce1d51d83c5e3,2,3,High
8f4ce1d51d83c5e3,2,4,High
8f4ce1d51d83c5e3,2,5,High
8f4ce1d51d83c5e3,2,6,Normal
8f4ce1d51d83c5e3,2,7,Low
8f4ce1d51d83c5e3,2,8,Low
8f4ce1d51d83c5e3,2,9,High
8f4ce1d51d83c5e3,2,10,Low
8f4ce1d51d83c5e3,2,11,Normal
8f4ce1d51d83c5e3,2,12,Low
8f4ce1d51d83c5e3,2,13,Normal
8f4ce1d51d83c5e3,2,14,High
8f4ce1d51d83c5e3,2,15,Normal
8f4ce1d51d83c5e3,2,16,High
8f4ce1d51d83c5e3,2,17,Normal
8f4ce1d51d83c5e3,2,18,Low
8f4ce1d51d83c5e3,2,19,High
8f4ce1d51d83c5e3,2,20,High
8f4ce1d51d83c5e3,2,21,Low
8f4ce1d51d83c5e3,2,22,Normal
8f4ce1d51d83c5e3,2,23,High
8f4ce1d51d83c5e3,3,0,Normal
8f4ce1d51d83c5e3,3,1,High
8f4ce1d51d83c5e3,3,2,High
8f4ce1d51d83c5e3,3,3,High
8f4ce1d51d83c5e3,3,4,Low
8f4ce1d51d83c5e3,3,5,Normal
8f4ce1d51d83c5e3,3,6,High
8f4ce1d51d83c5e3,3,7,Low
8f4ce1d51d83c5e3,3,8,Low
8f4ce1d51d83c5e3,3,9,Low
8f4ce1d51d83c5e3,3,10,High
8f4ce1d51d83c5e3,3,11,Low
8f4ce1d51d83c5e3,3,12,Low
8f4ce1d51d83c5e3,3,13,Normal
8f4ce1d51d83c5e3,3,14,High
8f4ce1d51d83c5e3,3,15,High
8f4ce1d51d83c5e3,3,16,Low
8f4ce1d51d83c5e3,3,17,Low
8f4ce1d51d83c5e3,3,18,Low
8f4ce1d51d83c5e3,3,19,Low
8f4ce1d51d83c5e3,3,20,High
8f4ce1d51d83c5e3,3,21,Normal
8f4ce1d51d83c5e3,3,22,High
8f4ce1d51d83c5e3,3,23,High
8f4ce1d51d83c5e3,4,0,Normal
8f4ce1d51d83c5e3,4,1,Low
8f4ce1d51d83c5e3,4,2,Low
8f4ce1d51d83c5e3,4,3,Low
8f4ce1d51d83c5e3,4,4,High
8f4ce1d51d83c5e3,4,5,High
8f4ce1d51d83c5e3,4,6,Low
8f4ce1d51d83c5e3,4,7,High
8f4ce1d51d83c5e3,4,8,Low
8f4ce1d51d83c5e3,4,9,High
8f4ce1d51d83c5e3,4,10,High
8f4ce1d51d83c5e3,4,11,High
8f4ce1d51d83c5e3,4,12,Low
8f4ce1d51d83c5e3,4,13,Normal
8f4ce1d51d83c5e3,4,14,High
8f4ce1d51d83c5e3,4,15,Low
8f4ce1d51d83c5e3,4,16,Normal
8f4ce1d51d83c5e3,4,17,High
8f4ce1d51d83c5e3,4,18,High
8f4ce1d51d83c5e3,4,19,Low
8f4ce1d51d83c5e3,4,20,High
8f4ce1d51d83c5e3,4,21,Normal
8f4ce1d51d83c5e3,4,22,Low
8f4ce1d51d83c5e3,4,23,Normal
8f4ce1d51d83c5e3,5,0,High
8f4ce1d51d83c5e3,5,1,Normal
8f4ce1d51d83c5e3,5,2,High
8f4ce1d51d83c5e3,5,3,High
8f4ce1d51d83c5e3,5,4,Normal
8f4ce1d51d83c5e3,5,5,Normal
8f4ce1d51d83c5e3,5,6,Low
8f4ce1d51d83c5e3,5,7,Normal
8f4ce1d51d83c5e3,5,8,High
8f4ce1d51d83c5e3,5,9,Normal
8f4ce1d51d83c5e3,5,10,High
8f4ce1d51d83c5e3,5,11,Normal
8f4ce1d51d83c5e3,5,12,Normal
8f4ce1d51d83c5e3,5,13,Normal
8f4ce1d51d83c5e3,5,14,Normal
8f4ce1d51d83c5e3,5,15,Normal
8f4ce1d51d83c5e3,5,16,Normal
8f4ce1d51d83c5e3,5,17,Low
8f4ce1d51d83c5e3,5,18,Normal
8f4ce1d51d83c5e3,5,19,Low
8f4ce1d51d83c5e3,5,20,High
8f4ce1d51d83c5e3,5,21,Normal
8f4ce1d51d83c5e3,5,22,Normal
8f4ce1d51d83c5e3,5,23,Low
8f4ce1d51d83c5e3,6,0,High
8f4ce1d51d83c5e3,6,1,High
8f4ce1d51d83c5e3,6,2,Low
8f4ce1d51d83c5e3,6,3,Normal
8f4ce1d51d83c5e3,6,4,Low
8f4ce1d51d83c5e3,6,5,High
8f4ce1d51d83c5e3,6,6,Low
8f4ce1d51d83c5e3,6,7,High
8f4ce1d51d83c5e3,6,8,Normal
8f4ce1d51d83c5e3,6,9,High
8f4ce1d51d83c5e3,6,10,High
8f4ce1d51d83c5e3,6,11,Low
8f4ce1d51d83c5e3,6,12,Low
8f4ce1d51d83c5e3,6,13,Low
8f4ce1d51d83c5e3,6,14,High
8f4ce1d51d83c5e3,6,15,High
8f4ce1d51d83c5e3,6,16,High
8f4ce1d51d83c5e3,6,17,High
8f4ce1d51d83c5e3,6,18,Low
8f4ce1d51d83c5e3,6,19,Low
8f4ce1d51d83c5e3,6,20,High
8f4ce1d51d83c5e3,6,21,High
8f4ce1d51d83c5e3,6,22,Low
8f4ce1d51d83c5e3,6,23,Low
ab47b5f5ecded6b8,0,0,Normal
ab47b5f5ecded6b8,0,1,Normal
ab47b5f5ecded6b8,0,2,Normal
ab47b5f5ecded6b8,0,3,High
ab47b5f5ecded6b8,0,4,High
ab47b5f5ecded6b8,0,5,High
ab47b5f5ecded6b8,0,6,Normal
ab47b5f5ecded6b8,0,7,Normal
ab47b5f5ecded6b8,0,8,High
ab47b5f5ecded6b8,0,9,Low
ab47b5f5ecded6b8,0,10,High
ab47b5f5ecded6b8,0,11,Normal
ab47b5f5ecded6b8,0,12,High
ab47b5f5ecded6b8,0,13,Low
ab47b5f5ecded6b8,0,14,Normal
ab47b5f5ecded6b8,0,15,Low
ab47b5f5ecded6b8,0,16,Normal
ab47b5f5ecded6b8,0,17,Low
ab47b5f5ecded6b8,0,18,Normal
ab47b5f5ecded6b8,0,19,Low
ab47b5f5ecded6b8,0,20,Normal
ab47b5f5ecded6b8,0,21,Low
ab47b5f5ecded6b8,0,22,High
ab47b5f5ecded6b8,0,23,Normal
ab47b5f5ecded6b8,1,0,Low
ab47b5f5ecded6b8,1,1,Low
ab47b5f5ecded6b8,1,2,Normal
ab47b5f5ecded6b8,1,3,High
ab47b5f5ecded6b8,1,4,Low
ab47b5f5ecded6b8,1,5,Normal
ab47b5f5ecded6b8,1,6,Normal
ab47b5f5ecded6b8,1,7,Low
ab47b5f5ecded6b8,1,8,Low
ab47b5f5ecded6b8,1,9,Normal
ab47b5f5ecded6b8,1,10,Normal
ab47b5f5ecded6b8,1,11,Normal
ab47b5f5ecded6b8,1,12,High
ab47b5f5ecded6b8,1,13,High
ab47b5f5ecded6b8,1,14,Low
ab47b5f5ecded6b8,1,15,High
ab47b5f5ecded6b8,1,16,High
ab47b5f5ecded6b8,1,17,Normal
ab47b5f5ecded6b8,1,18,High
ab47b5f5ecded6b8,1,19,High
ab47b5f5ecded6b8,1,20,Normal
ab47b5f5ecded6b8,1,21,High
ab47b5f5ecded6b8,1,22,High
ab47b5f5ecded6b8,1,23,High
ab47b5f5ecded6b8,2,0,Normal
ab47b5f5ecded6b8,2,1,High
ab47b5f5ecded6b8,2,2,High
ab47b5f5ecded6b8,2,3,High
ab47b5f5ecded6b8,2,4,High
ab47b5f5ecded6b8,2,5,Normal
ab47b5f5ecded6b8,2,6,Normal
ab47b5f5ecded6b8,2,7,High
ab47b5f5ecded6b8,2,8,Normal
ab47b5f5ecded6b8,2,9,Low
ab47b5f5ecded6b8,2,10,Low
ab47b5f5ecded6b8,2,11,Normal
ab47b5f5ecded6b8,2,12,Normal
ab47b5f5ecded6b8,2,13,High
ab47b5f5ecded6b8,2,14,Normal
ab47b5f5ecded6b8,2,15,High
ab47b5f5ecded6b8,2,16,Low
ab47b5f5ecded6b8,2,17,Normal
ab47b5f5ecded6b8,2,18,Low
ab47b5f5ecded6b8,2,19,High
ab47b5f5ecded6b8,2,20,High
ab47b5f5ecded6b8,2,21,Normal
ab47b5f5ecded6b8,2,22,High
ab47b5f5ecded6b8,2,23,High
ab47b5f5ecded6b8,3,0,Low
ab47b5f5ecded6b8,3,1,High
ab47b5f5ecded6b8,3,2,High
ab47b5f5ecded6b8,3,3,Normal
ab47b5f5ecded6b8,3,4,High
ab47b5f5ecded6b8,3,5,Normal
ab47b5f5ecded6b8,3,6,Low
ab47b5f5ecded6b8,3,7,Low
ab47b5f5ecded6b8,3,8,High
ab47b5f5ecded6b8,3,9,High
ab47b5f5ecded6b8,3,10,High
ab47b5f5ecded6b8,3,11,High
ab47b5f5ecded6b8,3,12,High
ab47b5f5ecded6b8,3,13,Normal
ab47b5f5ecded6b8,3,14,Low
ab47b5f5ecded6b8,3,15,Normal
ab47b5f5ecded6b8,3,16,High
ab47b5f5ecded6b8,3,17,Normal
ab47b5f5ecded6b8,3,18,Low
ab47b5f5ecded6b8,3,19,Normal
ab47b5f5ecded6b8,3,20,High
ab47b5f5ecded6b8,3,21,Normal
ab47b5f5ecded6b8,3,22,High
ab47b5f5ecded6b8,3,23,Normal
ab47b5f5ecded6b8,4,0,Normal
ab47b5f5ecded6b8,4,1,Low
ab47b5f5ecded6b8,4,2,High
ab47b5f5ecded6b8,4,3,Low
ab47b5f5ecded6b8,4,4,Low
ab47b5f5ecded6b8,4,5,Normal
ab47b5f5ecded6b8,4,6,Normal
ab47b5f5ecded6b8,4,7,Normal
ab47b5f5ecded6b8,4,8,Normal
ab47b5f5ecded6b8,4,9,High
ab47b5f5ecded6b8,4,10,Normal
ab47b5f5ecded6b8,4,11,High
ab47b5f5ecded6b8,4,12,Low
ab47b5f5ecded6b8,4,13,Low
ab47b5f5ecded6b8,4,14,Low
ab47b5f5ecded6b8,4,15,Normal
ab47b5f5ecded6b8,4,16,Normal
ab47b5f5ecded6b8,4,17,Low
ab47b5f5ecded6b8,4,18,Normal
ab47b5f5ecded6b8,4,19,Normal
ab47b5f5ecded6b8,4,20,High
ab47b5f5ecded6b8,4,21,Low
ab47b5f5ecded6b8,4,22,Low
ab47b5f5ecded6b8,4,23,High
ab47b5f5ecded6b8,5,0,Low
ab47b5f5ecded6b8,5,1,Normal
ab47b5f5ecded6b8,5,2,High
ab47b5f5ecded6b8,5,3,High
ab47b5f5ecded6b8,5,4,Low
ab47b5f5ecded6b8,5,5,High
ab47b5f5ecded6b8,5,6,High
ab47b5f5ecded6b8,5,7,Normal
ab47b5f5ecded6b8,5,8,Normal
ab47b5f5ecded6b8,5,9,High
ab47b5f5ecded6b8,5,10,Low
ab47b5f5ecded6b8,5,11,High
ab47b5f5ecded6b8,5,12,Low
ab47b5f5ecded6b8,5,13,Normal
ab47b5f5ecded6b8,5,14,High
ab47b5f5ecded6b8,5,15,High
ab47b5f5ecded6b8,5,16,Low
ab47b5f5ecded6b8,5,17,Low
ab47b5f5ecded6b8,5,18,Normal
ab47b5f5ecded6b8,5,19,Low
ab47b5f5ecded6b8,5,20,Normal
ab47b5f5ecded6b8,5,21,Low
ab47b5f5ecded6b8,5,22,Normal
ab47b5f5ecded6b8,5,23,Low
ab47b5f5ecded6b8,6,0,Normal
ab47b5f5ecded6b8,6,1,Normal
ab47b5f5ecded6b8,6,2,High
ab47b5f5ecded6b8,6,3,Normal
ab47b5f5ecded6b8,6,4,Normal
ab47b5f5ecded6b8,6,5,Low
ab47b5f5ecded6b8,6,6,Normal
ab47b5f5ecded6b8,6,7,Normal
ab47b5f5ecded6b8,6,8,Normal
ab47b5f5ecded6b8,6,9,Low
ab47b5f5ecded6b8,6,10,High
ab47b5f5ecded6b8,6,11,Normal
ab47b5f5ecded6b8,6,12,High
ab47b5f5ecded6b8,6,13,High
ab47b5f5ecded6b8,6,14,High
ab47b5f5ecded6b8,6,15,High
ab47b5f5ecded6b8,6,16,High
ab47b5f5ecded6b8,6,17,Low
ab47b5f5ecded6b8,6,18,Low
ab47b5f5ecded6b8,6,19,Normal
ab47b5f5ecded6b8,6,20,High
ab47b5f5ecded6b8,6,21,High
ab47b5f5ecded6b8,6,22,High
ab47b5f5ecded6b8,6,23,Low
d63f4d95624baccc,0,0,Normal
d63f4d95624baccc,0,1,Normal
d63f4d95624baccc,0,2,High
d63f4d95624baccc,0,3,Normal
d63f4d95624baccc,0,4,High
d63f4d95624baccc,0,5,High
d63f4d95624baccc,0,6,Normal
d63f4d95624baccc,0,7,High
d63f4d95624baccc,0,8,Low
d63f4d95624baccc,0,9,High
d63f4d95624baccc,0,10,Low
d63f4d95624baccc,0,11,Low
d63f4d95624baccc,0,12,Normal
d63f4d95624baccc,0,13,Low
d63f4d95624baccc,0,14,Low
d63f4d95624baccc,0,15,High
d63f4d95624baccc,0,16,High
d63f4d95624baccc,0,17,Low
d63f4d95624baccc,0,18,High
d63f4d95624baccc,0,19,High
d63f4d95624baccc,0,20,Low
d63f4d95624baccc,0,21,Normal
d63f4d95624baccc,0,22,High
d63f4d95624baccc,0,23,Normal
d63f4d95624baccc,1,0,Low
d63f4d95624baccc,1,1,Normal
d63f4d95624baccc,1,2,Normal
d63f4d95624baccc,1,3,Low
d63f4d95624baccc,1,4,Normal
d63f4d95624baccc,1,5,Low
d63f4d95624baccc,1,6,Low
d63f4d95624baccc,1,7,Normal
d63f4d95624baccc,1,8,Low
d63f4d95624baccc,1,9,Normal
d63f4d95624baccc,1,10,Normal
d63f4d95624baccc,1,11,Low
d63f4d95624baccc,1,12,Low
d63f4d95624baccc,1,13,Low
d63f4d95624baccc,1,14,High
d63f4d95624baccc,1,15,Low
d63f4d95624baccc,1,16,High
d63f4d95624baccc,1,17,Low
d63f4d95624baccc,1,18,Normal
d63f4d95624baccc,1,19,Low
d63f4d95624baccc,1,20,Normal
d63f4d95624baccc,1,21,Low
d63f4d95624baccc,1,22,Low
d63f4d95624baccc,1,23,High
d63f4d95624baccc,2,0,Normal
d63f4d95624baccc,2,1,High
d63f4d95624baccc,2,2,Normal
d63f4d95624baccc,2,3,High
d63f4d95624baccc,2,4,High
d63f4d95624baccc,2,5,High
d63f4d95624baccc,2,6,Low
d63f4d95624baccc,2,7,High
d63f4d95624baccc,2,8,High
d63f4d95624baccc,2,9,Low
d63f4d95624baccc,2,10,Normal
d63f4d95624baccc,2,11,Low
d63f4d95624baccc,2,12,Low
d63f4d95624baccc,2,13,High
d63f4d95624baccc,2,14,Low
d63f4d95624baccc,2,15,Low
d63f4d95624baccc,2,16,Low
d63f4d95624baccc,2,17,High
d63f4d95624baccc,2,18,Low
d63f4d95624baccc,2,19,Normal
d63f4d95624baccc,2,20,Low
d63f4d95624baccc,2,21,Low
d63f4d95624baccc,2,22,High
d63f4d95624baccc,2,23,Normal
d63f4d95624baccc,3,0,Normal
d63f4d95624baccc,3,1,Low
d63f4d95624baccc,3,2,Low
d63f4d95624baccc,3,3,Low
d63f4d95624baccc,3,4,Low
d63f4d95624baccc,3,5,High
d63f4d95624baccc,3,6,Low
d63f4d95624baccc,3,7,High
d63f4d95624baccc,3,8,Low
d63f4d95624baccc,3,9,High
d63f4d95624baccc,3,10,High
d63f4d95624baccc,3,11,Low
d63f4d95624baccc,3,12,Normal
d63f4d95624baccc,3,13,High
d63f4d95624baccc,3,14,High
d63f4d95624baccc,3,15,High
d63f4d95624baccc,3,16,High
d63f4d95624baccc,3,17,Normal
d63f4d95624baccc,3,18,High
d63f4d95624baccc,3,19,Low
d63f4d95624baccc,3,20,Low
d63f4d95624baccc,3,21,Normal
d63f4d95624baccc,3,22,High
d63f4d95624baccc,3,23,High
d63f4d95624baccc,4,0,Low
d63f4d95624baccc,4,1,High
d63f4d95624baccc,4,2,Low
d63f4d95624baccc,4,3,Low
d63f4d95624baccc,4,4,Normal
d63f4d95624baccc,4,5,Normal
d63f4d95624baccc,4,6,High
d63f4d95624baccc,4,7,Normal
d63f4d95624baccc,4,8,Low
d63f4d95624baccc,4,9,Low
d63f4d95624baccc,4,10,Low
d63f4d95624baccc,4,11,Normal
d63f4d95624baccc,4,12,Low
d63f4d95624baccc,4,13,High
d63f4d95624baccc,4,14,High
d63f4d95624baccc,4,15,Low
d63f4d95624baccc,4,16,Normal
d63f4d95624baccc,4,17,Low
d63f4d95624baccc,4,18,Low
d63f4d95624baccc,4,19,High
d63f4d95624baccc,4,20,Low
d63f4d95624baccc,4,21,Normal
d63f4d95624baccc,4,22,High
d63f4d95624baccc,4,23,Low
d63f4d95624baccc,5,0,High
d63f4d95624baccc,5,1,Normal
d63f4d95624baccc,5,2,Normal
d63f4d95624baccc,5,3,Low
d63f4d95624baccc,5,4,Low
d63f4d95624baccc,5,5,Low
d63f4d95624baccc,5,6,High
d63f4d95624baccc,5,7,High
d63f4d95624baccc,5,8,High
d63f4d95624baccc,5,9,High
d63f4d95624baccc,5,10,High
d63f4d95624baccc,5,11,High
d63f4d95624baccc,5,12,Normal
d63f4d95624baccc,5,13,High
d63f4d95624baccc,5,14,High
d63f4d95624baccc,5,15,Normal
d63f4d95624baccc,5,16,High
d63f4d95624baccc,5,17,Low
d63f4d95624baccc,5,18,Low
d63f4d95624baccc,5,19,High
d63f4d95624baccc,5,20,Low
d63f4d95624baccc,5,21,Low
d63f4d95624baccc,5,22,Normal
d63f4d95624baccc,5,23,High
d63f4d95624baccc,6,0,Normal
d63f4d95624baccc,6,1,High
d63f4d95624baccc,6,2,High
d63f4d95624baccc,6,3,Low
d63f4d95624baccc,6,4,High
d63f4d95624baccc,6,5,High
d63f4d95624baccc,6,6,Low
d63f4d95624baccc,6,7,Low
d63f4d95624baccc,6,8,High
d63f4d95624baccc,6,9,Low
d63f4d95624baccc,6,10,Normal
d63f4d95624baccc,6,11,Low
d63f4d95624baccc,6,12,High
d63f4d95624baccc,6,13,Low
d63f4d95624baccc,6,14,Normal
d63f4d95624baccc,6,15,Normal
d63f4d95624baccc,6,16,Normal
d63f4d95624baccc,6,17,Normal
d63f4d95624baccc,6,18,Normal
d63f4d95624baccc,6,19,High
d63f4d95624baccc,6,20,Normal
d63f4d95624baccc,6,21,High
d63f4d95624baccc,6,22,Low
d63f4d95624baccc,6,23,Low
d8c353d477b73af6,0,0,Low
d8c353d477b73af6,0,1,Normal
d8c353d477b73af6,0,2,High
d8c353d477b73af6,0,3,High
d8c353d477b73af6,0,4,High
d8c353d477b73af6,0,5,Normal
d8c353d477b73af6,0,6,Normal
d8c353d477b73af6,0,7,Normal
d8c353d477b73af6,0,8,High
d8c353d477b73af6,0,9,Normal
d8c353d477b73af6,0,10,Low
d8c353d477b73af6,0,11,Low
d8c353d477b73af6,0,12,High
d8c353d477b73af6,0,13,Low
d8c353d477b73af6,0,14,Normal
d8c353d477b73af6,0,15,High
d8c353d477b73af6,0,16,High
d8c353d477b73af6,0,17,High
d8c353d477b73af6,0,18,Low
d8c353d477b73af6,0,19,High
d8c353d477b73af6,0,20,Normal
d8c353d477b73af6,0,21,High
d8c353d477b73af6,0,22,High
d8c353d477b73af6,0,23,High
d8c353d477b73af6,1,0,Normal
d8c353d477b73af6,1,1,High
d8c353d477b73af6,1,2,Low
d8c353d477b73af6,1,3,High
d8c353d477b73af6,1,4,High
d8c353d477b73af6,1,5,Low
d8c353d477b73af6,1,6,Low
d8c353d477b73af6,1,7,High
d8c353d477b73af6,1,8,High
d8c353d477b73af6,1,9,Normal
d8c353d477b73af6,1,10,High
d8c353d477b73af6,1,11,Low
d8c353d477b73af6,1,12,Normal
d8c353d477b73af6,1,13,Normal
d8c353d477b73af6,1,14,Normal
d8c353d477b73af6,1,15,Low
d8c353d477b73af6,1,16,Normal
d8c353d477b73af6,1,17,Normal
d8c353d477b73af6,1,18,Low
d8c353d477b73af6,1,19,High
d8c353d477b73af6,1,20,Normal
d8c353d477b73af6,1,21,Normal
d8c353d477b73af6,1,22,Low
d8c353d477b73af6,1,23,Low
d8c353d477b73af6,2,0,Low
d8c353d477b73af6,2,1,Low
d8c353d477b73af6,2,2,High
d8c353d477b73af6,2,3,Normal
d8c353d477b73af6,2,4,High
d8c353d477b73af6,2,5,High
d8c353d477b73af6,2,6,Low
d8c353d477b73af6,2,7,Normal
d8c353d477b73af6,2,8,Normal
d8c353d477b73af6,2,9,Low
d8c353d477b73af6,2,10,Normal
d8c353d477b73af6,2,11,High
d8c353d477b73af6,2,12,Normal
d8c353d477b73af6,2,13,Low
d8c353d477b73af6,2,14,High
d8c353d477b73af6,2,15,Normal
d8c353d477b73af6,2,16,Low
d8c353d477b73af6,2,17,Normal
d8c353d477b73af6,2,18,Normal
d8c353d477b73af6,2,19,High
d8c353d477b73af6,2,20,High
d8c353d477b73af6,2,21,Normal
d8c353d477b73af6,2,22,Normal
d8c353d477b73af6,2,23,High
d8c353d477b73af6,3,0,Normal
d8c353d477b73af6,3,1,High
d8c353d477b73af6,3,2,Normal
d8c353d477b73af6,3,3,Low
d8c353d477b73af6,3,4,Normal
d8c353d477b73af6,3,5,High
d8c353d477b73af6,3,6,High
d8c353d477b73af6,3,7,Normal
d8c353d477b73af6,3,8,Low
d8c353d477b73af6,3,9,Normal
d8c353d477b73af6,3,10,Low
d8c353d477b73af6,3,11,Normal
d8c353d477b73af6,3,12,Normal
d8c353d477b73af6,3,13,High
d8c353d477b73af6,3,14,Low
d8c353d477b73af6,3,15,Low
d8c353d477b73af6,3,16,High
d8c353d477b73af6,3,17,High
d8c353d477b73af6,3,18,Low
d8c353d477b73af6,3,19,Low
d8c353d477b73af6,3,20,Normal
d8c353d477b73af6,3,21,Low
d8c353d477b73af6,3,22,High
d8c353d477b73af6,3,23,Low
d8c353d477b73af6,4,0,High
d8c353d477b73af6,4,1,Low
d8c353d477b73af6,4,2,High
d8c353d477b73af6,4,3,High
d8c353d477b73af6,4,4,High
d8c353d477b73af6,4,5,Normal
d8c353d477b73af6,4,6,Normal
d8c353d477b73af6,4,7,High
d8c353d477b73af6,4,8,Normal
d8c353d477b73af6,4,9,High
d8c353d477b73af6,4,10,Low
d8c353d477b73af6,4,11,Low
d8c353d477b73af6,4,12,Normal
d8c353d477b73af6,4,13,Normal
d8c353d477b73af6,4,14,High
d8c353d477b73af6,4,15,Normal
d8c353d477b73af6,4,16,Low
d8c353d477b73af6,4,17,Normal
d8c353d477b73af6,4,18,High
d8c353d477b73af6,4,19,Normal
d8c353d477b73af6,4,20,Low
d8c353d477b73af6,4,21,Normal
d8c353d477b73af6,4,22,Low
d8c353d477b73af6,4,23,Low
d8c353d477b73af6,5,0,High
d8c353d477b73af6,5,1,High
d8c353d477b73af6,5,2,Low
d8c353d477b73af6,5,3,Low
d8c353d477b73af6,5,4,Normal
d8c353d477b73af6,5,5,High
d8c353d477b73af6,5,6,High
d8c353d477b73af6,5,7,High
d8c353d477b73af6,5,8,Normal
d8c353d477b73af6,5,9,High
d8c353d477b73af6,5,10,High
d8c353d477b73af6,5,11,Low
d8c353d477b73af6,5,12,High
d8c353d477b73af6,5,13,Low
d8c353d477b73af6,5,14,High
d8c353d477b73af6,5,15,Low
d8c353d477b73af6,5,16,Normal
d8c353d477b73af6,5,17,High
d8c353d477b73af6,5,18,Low
d8c353d477b73af6,5,19,Normal
d8c353d477b73af6,5,20,Normal
d8c353d477b73af6,5,21,Low
d8c353d477b73af6,5,22,Low
d8c353d477b73af6,5,23,Normal
d8c353d477b73af6,6,0,High
d8c353d477b73af6,6,1,Low
d8c353d477b73af6,6,2,Low
d8c353d477b73af6,6,3,High
d8c353d477b73af6,6,4,High
d8c353d477b73af6,6,5,High
d8c353d477b73af6,6,6,Low
d8c353d477b73af6,6,7,Normal
d8c353d477b73af6,6,8,High
d8c353d477b73af6,6,9,Normal
d8c353d477b73af6,6,10,Low
d8c353d477b73af6,6,11,Normal
d8c353d477b73af6,6,12,Normal
d8c353d477b73af6,6,13,Low
d8c353d477b73af6,6,14,High
d8c353d477b73af6,6,15,Low
d8c353d477b73af6,6,16,Low
d8c353d477b73af6,6,17,Low
d8c353d477b73af6,6,18,Normal
d8c353d477b73af6,6,19,Normal
d8c353d477b73af6,6,20,Normal
d8c353d477b73af6,6,21,Normal
d8c353d477b73af6,6,22,High
d8c353d477b73af6,6,23,High
